{
    "mae": 0.4956870608817945,
    "mse": 0.4135507547606963
}